{
  "0":{
    "arrival":0.513093165250245,
    "color":"#0001ea",
    "gpus":1,
    "id":0,
    "mem":12,
    "minimal_utility":0.3,
    "size":"1",
    "tasks":1,
    "time":0.2476153685877,
    "type":"bvlc_alexnet"
  },
  "1":{
    "arrival":15.039122037036615,
    "color":"#00abeb",
    "gpus":1,
    "id":1,
    "mem":8,
    "minimal_utility":0.3,
    "size":"4",
    "tasks":1,
    "time":0.1401865083399,
    "type":"bvlc_alexnet"
  },
  "2":{
    "arrival":24.36804537148004,
    "color":"#0001ea",
    "gpus":1,
    "id":2,
    "mem":12,
    "minimal_utility":0.3,
    "size":"1",
    "tasks":1,
    "time":0.2476153685877,
    "type":"bvlc_googlenet"
  },
  "3":{
    "arrival":25.332965062687443,
    "color":"#009da6",
    "gpus":2,
    "id":3,
    "mem":1,
    "minimal_utility":0.5,
    "size":"4",
    "tasks":1,
    "time":0.7326761595399,
    "type":"bvlc_alexnet"
  },
  "4":{
    "arrival":29.33493641120534,
    "color":"#0003be",
    "gpus":2,
    "id":4,
    "mem":1,
    "minimal_utility":0.5,
    "size":"1",
    "tasks":1,
    "time":0.8283343225016,
    "type":"bvlc_alexnet"
  },
  "5":{
    "arrival":29.893741982134614,
    "color":"#0099f9",
    "gpus":2,
    "id":5,
    "mem":2,
    "minimal_utility":0.5,
    "size":"1",
    "tasks":1,
    "time":0.5924357727455,
    "type":"bvlc_alexnet"
  }
}